{
  "version": 1,
  "author": "Anonymous maker",
  "editor": "wokwi",
  "parts": [
    { "type": "wokwi-breadboard", "id": "bb1", "top": 131.4, "left": -54.8, "attrs": {} },
    {
      "type": "board-esp32-devkit-c-v4",
      "id": "esp",
      "top": 296.46,
      "left": 44.9,
      "rotate": 270,
      "attrs": {}
    },
    {
      "type": "wokwi-led",
      "id": "led1",
      "top": 140.4,
      "left": -25,
      "attrs": { "color": "yellow" }
    },
    {
      "type": "wokwi-led",
      "id": "led2",
      "top": 140.4,
      "left": 3.8,
      "attrs": { "color": "yellow" }
    },
    {
      "type": "wokwi-led",
      "id": "led3",
      "top": 140.4,
      "left": 71,
      "attrs": { "color": "yellow" }
    },
    {
      "type": "wokwi-led",
      "id": "led4",
      "top": 140.4,
      "left": 42.2,
      "attrs": { "color": "yellow" }
    },
    {
      "type": "wokwi-led",
      "id": "led5",
      "top": 140.4,
      "left": 147.8,
      "attrs": { "color": "orange" }
    },
    {
      "type": "wokwi-led",
      "id": "led6",
      "top": 140.4,
      "left": 119,
      "attrs": { "color": "orange" }
    },
    {
      "type": "wokwi-led",
      "id": "led7",
      "top": 140.4,
      "left": 215,
      "attrs": { "color": "orange" }
    },
    {
      "type": "wokwi-led",
      "id": "led8",
      "top": 140.4,
      "left": 243.8,
      "attrs": { "color": "orange" }
    },
    {
      "type": "wokwi-led",
      "id": "led9",
      "top": 140.4,
      "left": 176.6,
      "attrs": { "color": "orange" }
    },
    {
      "type": "wokwi-led",
      "id": "led10",
      "top": 140.4,
      "left": 272.6,
      "attrs": { "color": "orange" }
    },
    {
      "type": "wokwi-led",
      "id": "led11",
      "top": 178.8,
      "left": 13.4,
      "attrs": { "color": "green" }
    },
    {
      "type": "wokwi-led",
      "id": "led12",
      "top": 178.8,
      "left": -25,
      "attrs": { "color": "green" }
    },
    { "type": "wokwi-led", "id": "led13", "top": 236.4, "left": 23, "attrs": { "color": "red" } },
    { "type": "wokwi-led", "id": "led14", "top": 236.4, "left": -25, "attrs": { "color": "red" } },
    {
      "type": "wokwi-pushbutton",
      "id": "btn1",
      "top": 409.4,
      "left": 249.6,
      "attrs": { "color": "red" }
    }
  ],
  "connections": [
    [ "esp:TX", "$serialMonitor:RX", "", [] ],
    [ "esp:RX", "$serialMonitor:TX", "", [] ],
    [ "bb1:1b.j", "bb1:bn.1", "black", [ "v38.4", "h19.2" ] ],
    [ "bb1:bn.1", "esp:GND.2", "black", [ "v37.1", "h8.8" ] ],
    [ "bb1:1t.b", "bb1:3t.b", "black", [ "v0", "h19.2" ] ],
    [ "bb1:5t.b", "bb1:6t.b", "black", [ "v0" ] ],
    [ "bb1:8t.b", "bb1:10t.b", "black", [ "v0" ] ],
    [ "bb1:12t.b", "bb1:13t.b", "black", [ "v0" ] ],
    [ "bb1:15t.b", "bb1:18t.b", "black", [ "v0", "h9.6" ] ],
    [ "bb1:20t.b", "bb1:21t.b", "black", [ "v0" ] ],
    [ "bb1:23t.b", "bb1:24t.b", "black", [ "v0" ] ],
    [ "bb1:26t.b", "bb1:28t.b", "black", [ "v0" ] ],
    [ "bb1:30t.b", "bb1:31t.b", "black", [ "v0", "h9.6" ] ],
    [ "bb1:33t.b", "bb1:34t.b", "black", [ "v0" ] ],
    [ "bb1:3b.j", "esp:GND.2", "black", [ "v9.6", "h9.6" ] ],
    [ "bb1:8b.j", "bb1:bn.6", "black", [ "v0" ] ],
    [ "led11:C", "bb1:7b.f", "black", [ "v28.8", "h10" ] ],
    [ "led12:C", "bb1:3b.f", "black", [ "v0" ] ],
    [ "led1:A", "esp:23", "yellow", [ "v163.2", "h9.6" ] ],
    [ "led2:A", "esp:22", "yellow", [ "v-9.6", "h19.2", "v172.8", "h-38.4" ] ],
    [ "led4:A", "esp:21", "yellow", [ "v163.2", "h-19.2", "v9.6", "h-9.6" ] ],
    [ "led3:A", "esp:19", "yellow", [ "v163.2", "h-28.8", "v9.6", "h-9.6" ] ],
    [ "bb1:19t.b", "esp:18", "orange", [ "v153.6", "h-57.6" ] ],
    [ "bb1:22t.b", "esp:5", "orange", [ "v153.6", "h-48", "v9.6", "h-28.8" ] ],
    [ "bb1:25t.b", "esp:17", "orange", [ "v144", "h-86.4" ] ],
    [ "bb1:29t.b", "esp:4", "orange", [ "v172.8", "h-105.6" ] ],
    [ "bb1:32t.b", "esp:0", "orange", [ "v182.4", "h-124.8", "v-19.2" ] ],
    [ "bb1:35t.b", "esp:2", "orange", [ "v153.6", "h-144" ] ],
    [ "led13:A", "esp:33", "red", [ "v96", "h28.8" ] ],
    [ "led14:A", "esp:32", "red", [ "v201.6", "h67.2" ] ],
    [ "led1:A", "bb1:4t.a", "", [ "$bb" ] ],
    [ "led1:C", "bb1:3t.a", "", [ "$bb" ] ],
    [ "led2:A", "bb1:7t.a", "", [ "$bb" ] ],
    [ "led2:C", "bb1:6t.a", "", [ "$bb" ] ],
    [ "led3:A", "bb1:14t.a", "", [ "$bb" ] ],
    [ "led3:C", "bb1:13t.a", "", [ "$bb" ] ],
    [ "led4:A", "bb1:11t.a", "", [ "$bb" ] ],
    [ "led4:C", "bb1:10t.a", "", [ "$bb" ] ],
    [ "led10:A", "bb1:35t.a", "", [ "$bb" ] ],
    [ "led10:C", "bb1:34t.a", "", [ "$bb" ] ],
    [ "led8:A", "bb1:32t.a", "", [ "$bb" ] ],
    [ "led8:C", "bb1:31t.a", "", [ "$bb" ] ],
    [ "led7:A", "bb1:29t.a", "", [ "$bb" ] ],
    [ "led7:C", "bb1:28t.a", "", [ "$bb" ] ],
    [ "led9:A", "bb1:25t.a", "", [ "$bb" ] ],
    [ "led9:C", "bb1:24t.a", "", [ "$bb" ] ],
    [ "led5:A", "bb1:22t.a", "", [ "$bb" ] ],
    [ "led5:C", "bb1:21t.a", "", [ "$bb" ] ],
    [ "led6:A", "bb1:19t.a", "", [ "$bb" ] ],
    [ "led6:C", "bb1:18t.a", "", [ "$bb" ] ],
    [ "led11:A", "bb1:8t.e", "", [ "$bb" ] ],
    [ "led11:C", "bb1:7t.e", "", [ "$bb" ] ],
    [ "led14:A", "bb1:4b.i", "", [ "$bb" ] ],
    [ "led14:C", "bb1:3b.i", "", [ "$bb" ] ],
    [ "led13:A", "bb1:9b.i", "", [ "$bb" ] ],
    [ "led13:C", "bb1:8b.i", "", [ "$bb" ] ],
    [ "led12:A", "bb1:4t.e", "", [ "$bb" ] ],
    [ "led12:C", "bb1:3t.e", "", [ "$bb" ] ],
    [ "led12:A", "esp:34", "green", [ "v240", "h48" ] ],
    [ "led11:A", "esp:35", "green", [ "v0" ] ],
    [ "btn1:2.l", "esp:GND.2", "black", [ "h-38.4", "v67.4", "h-259.2", "v-153.6" ] ],
    [ "btn1:1.r", "esp:15", "red", [ "v-38.4", "h-153.4" ] ]
  ],
  "dependencies": {}
}